Title,Company,Location,Date Posted
Lead Technical Consultant,Zafin,ğŸ‡®ğŸ‡³ India,2024-10-05T05:00:10+00:00
Backend Engineer,PayPay,ğŸ‡¯ğŸ‡µ Japan,2024-10-01T15:00:03+00:00
Pessoa Desenvolvedora Sr Java,Banco BV,ğŸ‡§ğŸ‡· Brazil,2024-09-27T00:00:18+00:00
QA Engineer Montreal QC,Bounteous,"Montreal, QC",2024-09-26T12:00:22+00:00
Java Developer,Bounteous,ğŸ‡²ğŸ‡½ Mexico,2024-09-26T12:00:16+00:00
Software Engineer,Plusgrade,"Montreal, Quebec",2024-09-17T16:00:04+00:00
Software Engineer,SmartAsset,ğŸ‡ºğŸ‡¸ United States,2024-09-11T00:00:14+00:00
Senior Production Support Engineer,Bottomline,ğŸ‡®ğŸ‡³ India,2024-09-08T14:00:04+00:00
Senior Production Support Engineer,Bottomline,ğŸ‡®ğŸ‡³ India,2024-09-06T02:00:02+00:00
Director of Clinical AI NLP Search,Deep 6 AI,"Remote or Pasadena, CA",2024-09-04T17:00:16+00:00
Product Security Engineer,Swirlds Labs,Remote within EU or APAC,2024-09-03T18:55:11+00:00
Quality Assurance Engineer,Orderly,Worldwide,2024-09-03T18:55:10+00:00
Information Technology Software Engineer II,Best Egg,Remote / Flexible,2024-09-02T18:00:11+00:00
Senior Mobile Engineer,Sezzle,ğŸ‡¨ğŸ‡´ Colombia,2024-09-01T21:00:11+00:00
Software Engineer Java,Orderly,Worldwide,2024-08-30T18:55:13+00:00
Mobile Engineering Manager,tastytrade,ğŸ‡ºğŸ‡¸ United States,2024-08-28T12:00:02+00:00
Software Development Engineer II,Tala,Remote-India,2024-08-27T09:00:10+00:00
Senior Customer Support Engineer Level 2,Celonis,ğŸ‡©ğŸ‡ª Germany,2024-08-26T01:00:04+00:00
Software Development Engineer II,LivePerson,ğŸ‡®ğŸ‡³ India,2024-08-25T17:00:29+00:00
Software Development Engineer III,LivePerson,ğŸ‡®ğŸ‡³ India,2024-08-25T17:00:23+00:00
Lead Technical Consultant,Zafin,ğŸ‡®ğŸ‡³ India,2024-10-05T05:00:10+00:00
Backend Engineer,PayPay,ğŸ‡¯ğŸ‡µ Japan,2024-10-01T15:00:03+00:00
Pessoa Desenvolvedora Sr Java,Banco BV,ğŸ‡§ğŸ‡· Brazil,2024-09-27T00:00:18+00:00
QA Engineer Montreal QC,Bounteous,"Montreal, QC",2024-09-26T12:00:22+00:00
Java Developer,Bounteous,ğŸ‡²ğŸ‡½ Mexico,2024-09-26T12:00:16+00:00
Software Engineer,Plusgrade,"Montreal, Quebec",2024-09-17T16:00:04+00:00
Software Engineer,SmartAsset,ğŸ‡ºğŸ‡¸ United States,2024-09-11T00:00:14+00:00
Senior Production Support Engineer,Bottomline,ğŸ‡®ğŸ‡³ India,2024-09-08T14:00:04+00:00
Senior Production Support Engineer,Bottomline,ğŸ‡®ğŸ‡³ India,2024-09-06T02:00:02+00:00
Director of Clinical AI NLP Search,Deep 6 AI,"Remote or Pasadena, CA",2024-09-04T17:00:16+00:00
Product Security Engineer,Swirlds Labs,Remote within EU or APAC,2024-09-03T18:55:11+00:00
Quality Assurance Engineer,Orderly,Worldwide,2024-09-03T18:55:10+00:00
Information Technology Software Engineer II,Best Egg,Remote / Flexible,2024-09-02T18:00:11+00:00
Senior Mobile Engineer,Sezzle,ğŸ‡¨ğŸ‡´ Colombia,2024-09-01T21:00:11+00:00
Software Engineer Java,Orderly,Worldwide,2024-08-30T18:55:13+00:00
Mobile Engineering Manager,tastytrade,ğŸ‡ºğŸ‡¸ United States,2024-08-28T12:00:02+00:00
Software Development Engineer II,Tala,Remote-India,2024-08-27T09:00:10+00:00
Senior Customer Support Engineer Level 2,Celonis,ğŸ‡©ğŸ‡ª Germany,2024-08-26T01:00:04+00:00
Software Development Engineer II,LivePerson,ğŸ‡®ğŸ‡³ India,2024-08-25T17:00:29+00:00
Software Development Engineer III,LivePerson,ğŸ‡®ğŸ‡³ India,2024-08-25T17:00:23+00:00
Lead Technical Consultant,Zafin,ğŸ‡®ğŸ‡³ India,2024-10-05T05:00:10+00:00
Backend Engineer,PayPay,ğŸ‡¯ğŸ‡µ Japan,2024-10-01T15:00:03+00:00
Pessoa Desenvolvedora Sr Java,Banco BV,ğŸ‡§ğŸ‡· Brazil,2024-09-27T00:00:18+00:00
QA Engineer Montreal QC,Bounteous,"Montreal, QC",2024-09-26T12:00:22+00:00
Java Developer,Bounteous,ğŸ‡²ğŸ‡½ Mexico,2024-09-26T12:00:16+00:00
Software Engineer,Plusgrade,"Montreal, Quebec",2024-09-17T16:00:04+00:00
Software Engineer,SmartAsset,ğŸ‡ºğŸ‡¸ United States,2024-09-11T00:00:14+00:00
Senior Production Support Engineer,Bottomline,ğŸ‡®ğŸ‡³ India,2024-09-08T14:00:04+00:00
Senior Production Support Engineer,Bottomline,ğŸ‡®ğŸ‡³ India,2024-09-06T02:00:02+00:00
Director of Clinical AI NLP Search,Deep 6 AI,"Remote or Pasadena, CA",2024-09-04T17:00:16+00:00
Product Security Engineer,Swirlds Labs,Remote within EU or APAC,2024-09-03T18:55:11+00:00
Quality Assurance Engineer,Orderly,Worldwide,2024-09-03T18:55:10+00:00
Information Technology Software Engineer II,Best Egg,Remote / Flexible,2024-09-02T18:00:11+00:00
Senior Mobile Engineer,Sezzle,ğŸ‡¨ğŸ‡´ Colombia,2024-09-01T21:00:11+00:00
Software Engineer Java,Orderly,Worldwide,2024-08-30T18:55:13+00:00
Mobile Engineering Manager,tastytrade,ğŸ‡ºğŸ‡¸ United States,2024-08-28T12:00:02+00:00
Software Development Engineer II,Tala,Remote-India,2024-08-27T09:00:10+00:00
Senior Customer Support Engineer Level 2,Celonis,ğŸ‡©ğŸ‡ª Germany,2024-08-26T01:00:04+00:00
Software Development Engineer II,LivePerson,ğŸ‡®ğŸ‡³ India,2024-08-25T17:00:29+00:00
Software Development Engineer III,LivePerson,ğŸ‡®ğŸ‡³ India,2024-08-25T17:00:23+00:00
Lead Technical Consultant,Zafin,ğŸ‡®ğŸ‡³ India,2024-10-05T05:00:10+00:00
Backend Engineer,PayPay,ğŸ‡¯ğŸ‡µ Japan,2024-10-01T15:00:03+00:00
Pessoa Desenvolvedora Sr Java,Banco BV,ğŸ‡§ğŸ‡· Brazil,2024-09-27T00:00:18+00:00
QA Engineer Montreal QC,Bounteous,"Montreal, QC",2024-09-26T12:00:22+00:00
Java Developer,Bounteous,ğŸ‡²ğŸ‡½ Mexico,2024-09-26T12:00:16+00:00
Software Engineer,Plusgrade,"Montreal, Quebec",2024-09-17T16:00:04+00:00
Software Engineer,SmartAsset,ğŸ‡ºğŸ‡¸ United States,2024-09-11T00:00:14+00:00
Senior Production Support Engineer,Bottomline,ğŸ‡®ğŸ‡³ India,2024-09-08T14:00:04+00:00
Senior Production Support Engineer,Bottomline,ğŸ‡®ğŸ‡³ India,2024-09-06T02:00:02+00:00
Director of Clinical AI NLP Search,Deep 6 AI,"Remote or Pasadena, CA",2024-09-04T17:00:16+00:00
Product Security Engineer,Swirlds Labs,Remote within EU or APAC,2024-09-03T18:55:11+00:00
Quality Assurance Engineer,Orderly,Worldwide,2024-09-03T18:55:10+00:00
Information Technology Software Engineer II,Best Egg,Remote / Flexible,2024-09-02T18:00:11+00:00
Senior Mobile Engineer,Sezzle,ğŸ‡¨ğŸ‡´ Colombia,2024-09-01T21:00:11+00:00
Software Engineer Java,Orderly,Worldwide,2024-08-30T18:55:13+00:00
Mobile Engineering Manager,tastytrade,ğŸ‡ºğŸ‡¸ United States,2024-08-28T12:00:02+00:00
Software Development Engineer II,Tala,Remote-India,2024-08-27T09:00:10+00:00
Senior Customer Support Engineer Level 2,Celonis,ğŸ‡©ğŸ‡ª Germany,2024-08-26T01:00:04+00:00
Software Development Engineer II,LivePerson,ğŸ‡®ğŸ‡³ India,2024-08-25T17:00:29+00:00
Software Development Engineer III,LivePerson,ğŸ‡®ğŸ‡³ India,2024-08-25T17:00:23+00:00
Lead Technical Consultant,Zafin,ğŸ‡®ğŸ‡³ India,2024-10-05T05:00:10+00:00
Backend Engineer,PayPay,ğŸ‡¯ğŸ‡µ Japan,2024-10-01T15:00:03+00:00
Pessoa Desenvolvedora Sr Java,Banco BV,ğŸ‡§ğŸ‡· Brazil,2024-09-27T00:00:18+00:00
QA Engineer Montreal QC,Bounteous,"Montreal, QC",2024-09-26T12:00:22+00:00
Java Developer,Bounteous,ğŸ‡²ğŸ‡½ Mexico,2024-09-26T12:00:16+00:00
Software Engineer,Plusgrade,"Montreal, Quebec",2024-09-17T16:00:04+00:00
Software Engineer,SmartAsset,ğŸ‡ºğŸ‡¸ United States,2024-09-11T00:00:14+00:00
Senior Production Support Engineer,Bottomline,ğŸ‡®ğŸ‡³ India,2024-09-08T14:00:04+00:00
Senior Production Support Engineer,Bottomline,ğŸ‡®ğŸ‡³ India,2024-09-06T02:00:02+00:00
Director of Clinical AI NLP Search,Deep 6 AI,"Remote or Pasadena, CA",2024-09-04T17:00:16+00:00
Product Security Engineer,Swirlds Labs,Remote within EU or APAC,2024-09-03T18:55:11+00:00
Quality Assurance Engineer,Orderly,Worldwide,2024-09-03T18:55:10+00:00
Information Technology Software Engineer II,Best Egg,Remote / Flexible,2024-09-02T18:00:11+00:00
Senior Mobile Engineer,Sezzle,ğŸ‡¨ğŸ‡´ Colombia,2024-09-01T21:00:11+00:00
Software Engineer Java,Orderly,Worldwide,2024-08-30T18:55:13+00:00
Mobile Engineering Manager,tastytrade,ğŸ‡ºğŸ‡¸ United States,2024-08-28T12:00:02+00:00
Software Development Engineer II,Tala,Remote-India,2024-08-27T09:00:10+00:00
Senior Customer Support Engineer Level 2,Celonis,ğŸ‡©ğŸ‡ª Germany,2024-08-26T01:00:04+00:00
Software Development Engineer II,LivePerson,ğŸ‡®ğŸ‡³ India,2024-08-25T17:00:29+00:00
Software Development Engineer III,LivePerson,ğŸ‡®ğŸ‡³ India,2024-08-25T17:00:23+00:00
